ID,Target Pressure (bar)
0,0.082692258
1,0.080699405
2,0.085970431
3,0.064768048
4,0.072031795
5,0.056714144
6,0.056139638
7,0.052237723
8,0.063374536
9,0.5010757
10,0.33859818
11,0.23166286
12,0.83031644
13,0.53053643
14,0.31733131
15,0.4935167
16,0.34236309
17,0.23416515
18,0.21522721
19,0.17236174
20,0.13761564
21,0.10765632
22,0.11676574
23,0.10523546
24,0.17837097
25,0.13827568
26,0.11231126
27,0.12596851
28,0.12326569
29,0.15770159
30,0.096401477
31,0.072188309
32,0.0666327
33,0.053411537
34,0.051377821
35,0.073086949
36,0.59073585
37,0.55959734
38,0.47507357
39,0.55229863
40,0.58402017
41,0.46064642
42,0.2965182
43,0.29036061
44,0.24867208
45,0.32828339
46,0.3187926
47,0.29597607
48,0.24989264
49,0.20955307
50,0.12398976
51,0.10787548
52,0.10863409
53,0.11426152
54,0.068954583
55,0.071083671
56,0.098110182
57,0.056201665
58,0.042913773
59,0.052526625
60,0.038784398
61,0.037171438
62,0.060943651
63,0.24818709
64,0.251887
65,0.25827004
66,0.38150498
67,0.41381867
68,0.37147545
69,0.26876499
70,0.27528988
71,0.26124331
72,0.16157085
73,0.16735606
74,0.17008405
75,0.13567226
76,0.14751581
77,0.11208439
78,0.089741263
79,0.096927218
80,0.10748136
81,0.12344302
82,0.11188864
83,0.094581598
84,0.059431448
85,0.057437085
86,0.044419825
87,0.057318485
88,0.050849238
89,0.056058258
90,0.7011836
91,0.41502511
92,0.2327542
93,0.7547255
94,0.3772547
95,0.22775344
96,0.55885907
97,0.35576411
98,0.21499546
99,0.40217603
100,0.28468393
101,0.17917106
102,0.10915264
103,0.071041653
104,0.080660235
105,0.16250733
106,0.11975425
107,0.086251435
108,0.10390927
109,0.11911863
110,0.14138193
111,0.050639814
112,0.053334897
113,0.055724402
114,0.038462211
115,0.041636936
116,0.062876412
117,0.41293185
118,0.42410473
119,0.33628553
120,0.45959483
121,0.41965421
122,0.33845495
123,0.28745733
124,0.29562653
125,0.24885346
126,0.29556628
127,0.31613116
128,0.27216207
129,0.16926562
130,0.11074642
131,0.10238971
132,0.096670235
133,0.10370557
134,0.10241817
135,0.1908093
136,0.17410087
137,0.19587405
138,0.15806128
139,0.15225447
140,0.13175914
141,0.12223165
142,0.10137198
143,0.13662715
144,1.21495646
145,0.83210811
146,0.678521
147,1.17105193
148,0.79825301
149,0.65647352
150,0.96021968
151,0.67993535
152,0.53104325
153,0.66990689
154,0.51953175
155,0.40752322
156,0.319623
157,0.24658853
158,0.24052925
159,0.3653393
160,0.27976488
161,0.25106505
162,0.12477982
163,0.13323556
164,0.16042568
165,0.1199257
166,0.12261513
167,0.11432706
168,0.094579249
169,0.10313678
170,0.14635511
171,0.55400096
172,0.5843888
173,0.49356536
174,0.63265972
175,0.63077221
176,0.57905184
177,0.53416059
178,0.55011341
179,0.50345334
180,0.34149964
181,0.33988332
182,0.3261428
183,0.25470726
184,0.23236193
185,0.23202202
186,0.19755913
187,0.21195575
188,0.22246204
189,0.056558682
190,0.054535545
191,0.059200193
192,0.035200472
193,0.035227508
194,0.036037382
195,0.032392187
196,0.029084333
197,0.04048882
198,0.24772736
199,0.22778642
200,0.18110685
201,0.23340001
202,0.20662207
203,0.16735741
204,0.17977456
205,0.15576236
206,0.1270182
207,0.1656833
208,0.16079378
209,0.1265059
210,0.092956968
211,0.068723116
212,0.063359889
213,0.063881544
214,0.060892071
215,0.058494857
216,0.098546727
217,0.10990102
218,0.09047729
219,0.084001108
220,0.086907365
221,0.088140267
222,0.059134352
223,0.063190064
224,0.064163276
225,0.54941992
226,0.46249082
227,0.26477009
228,0.62101752
229,0.51825318
230,0.29178227
231,0.5058459
232,0.43362294
233,0.25590767
234,0.30508288
235,0.29331317
236,0.18791884
237,0.11533009
238,0.090599305
239,0.099340394
240,0.1825581
241,0.16654382
242,0.11129864
243,0.098099393
244,0.079333291
245,0.070635798
246,0.042591766
247,0.038731218
248,0.032238987
249,0.041104299
250,0.031679174
251,0.037364518
252,0.57507848
253,0.28652509
254,0.16709496
255,0.5681838
256,0.24865147
257,0.1631887
258,0.38963492
259,0.22283672
260,0.14511575
261,0.29564644
262,0.19197313
263,0.12492484
264,0.079544577
265,0.051772639
266,0.055527235
267,0.10934658
268,0.071839265
269,0.055779917
270,0.22463582
271,0.24374318
272,0.33040166
273,0.28018586
274,0.19508903
275,0.19400569
276,0.13230271
277,0.14169213
278,0.22367288
279,1.60398095
280,1.45038197
281,1.29653397
282,3.38933639
283,3.2217597
284,2.44746994
285,1.37081809
286,1.2828112
287,1.12923121
288,0.76800385
289,0.79385185
290,0.7542105
291,0.55893171
292,0.81321953
293,0.43757164
294,0.36567875
295,0.37730883
296,0.39806765
297,0.124056
298,0.10772312
299,0.12697161
300,0.063577477
301,0.064042818
302,0.052122626
303,0.052636633
304,0.044338937
305,0.061236499
306,0.7147029
307,0.4755372
308,0.37202714
309,0.605997
310,0.41737602
311,0.32404659
312,0.38710267
313,0.26433148
314,0.21582357
315,0.39083067
316,0.29255069
317,0.23916146
318,0.18810323
319,0.12307638
320,0.1041038
321,0.14501736
322,0.11290273
323,0.1024143
324,0.091737865
325,0.079878434
326,0.080335598
327,0.044257994
328,0.045054297
329,0.035574403
330,0.039214657
331,0.03249783
332,0.039665724
333,0.38246216
334,0.28705066
335,0.21431502
336,0.33073331
337,0.23043937
338,0.17425647
339,0.27387164
340,0.20472079
341,0.149924
342,0.25948815
343,0.20379799
344,0.15813874
345,0.10713715
346,0.064560512
347,0.065816447
348,0.1039737
349,0.081931555
350,0.069195668
351,0.083137927
352,0.08735621
353,0.085688089
354,0.05824273
355,0.061114635
356,0.068426195
357,0.050565256
358,0.052672113
359,0.072473141
360,0.5132378
361,0.46757516
362,0.30121487
363,0.5496616
364,0.47882658
365,0.34530101
366,0.43301474
367,0.40491688
368,0.29653131
369,0.28156228
370,0.26802323
371,0.20358077
372,0.12802798
373,0.11153164
374,0.11446715
375,0.1299978
376,0.13306625
377,0.11466272
378,0.14982367
379,0.14944639
380,0.19004875
381,0.14488384
382,0.1445568
383,0.12499249
384,0.10220434
385,0.11073939
386,0.14556328
387,1.39040213
388,1.20970331
389,0.97418283
390,1.68849174
391,1.49271309
392,1.13114022
393,1.16064756
394,1.04611025
395,0.80287079
396,0.53532263
397,0.52660556
398,0.46619675
399,0.3445504
400,0.33319866
401,0.29974503
402,0.31005051
403,0.2976702
404,0.2882204
405,0.12842185
406,0.12489546
407,0.16671954
408,0.083838498
409,0.062501045
410,0.06577718
411,0.051783159
412,0.046721901
413,0.073682512
414,0.6052533
415,0.55175554
416,0.48748801
417,0.61875177
418,0.61509981
419,0.50616002
420,0.34292724
421,0.32199982
422,0.2788424
423,0.35559428
424,0.33882272
425,0.3177024
426,0.25186014
427,0.20950002
428,0.13032991
429,0.11748982
430,0.11502303
431,0.12321275
432,0.065650573
433,0.059018933
434,0.06204514
435,0.041317372
436,0.040002034
437,0.036181666
438,0.046152451
439,0.038284668
440,0.055090193
441,0.28923605
442,0.2528988
443,0.17759451
444,0.32297538
445,0.25485789
446,0.19484497
447,0.26531932
448,0.23103703
449,0.17153472
450,0.18241431
451,0.15835556
452,0.12565964
453,0.099617344
454,0.089751702
455,0.091396586
456,0.10325778
457,0.09451667
458,0.087299478
459,0.10305712
460,0.11251008
461,0.10613887
462,0.065966636
463,0.077564103
464,0.055820714
465,0.051042662
466,0.051809463
467,0.061576988
468,0.36996579
469,0.34293457
470,0.24607632
471,0.42504182
472,0.34679869
473,0.23988954
474,0.37537329
475,0.33001227
476,0.23546946
477,0.27630775
478,0.2718952
479,0.19935305
480,0.13354735
481,0.09916333
482,0.10320395
483,0.1440694
484,0.13552169
485,0.10937552
486,0.094652432
487,0.090162816
488,0.11445705
489,0.053273023
490,0.040016014
491,0.043190441
492,0.047510979
493,0.042105027
494,0.055162416
495,0.42080658
496,0.39304577
497,0.34491866
498,0.32772687
499,0.30681935
500,0.25984711
501,0.24016585
502,0.22578383
503,0.19299801
504,0.25118874
505,0.23751104
506,0.22034463
507,0.18023503
508,0.12418243
509,0.096901078
510,0.084970106
511,0.084649917
512,0.091263398
513,0.088680794
514,0.087942843
515,0.088057177
516,0.053684364
517,0.053505988
518,0.043081209
519,0.037567915
520,0.033950525
521,0.041893169
522,0.6584136
523,0.40930126
524,0.24364803
525,1.0434458
526,0.55851546
527,0.32489018
528,0.40392775
529,0.27595326
530,0.18011916
531,0.26218946
532,0.2076681
533,0.15109145
534,0.10235695
535,0.087607143
536,0.068634808
537,0.10682369
538,0.086696406
539,0.068786628
540,0.14779675
541,0.14891341
542,0.20544778
543,0.12382328
544,0.11142151
545,0.084873581
546,0.075337678
547,0.068402819
548,0.10359745
549,1.16260228
550,0.99458086
551,0.84046513
552,1.01561983
553,0.88511634
554,0.73789374
555,0.5604898
556,0.5110533
557,0.46301369
558,0.51030343
559,0.49827752
560,0.46119487
561,0.3590421
562,0.24705938
563,0.18430856
564,0.14887846
565,0.15444681
566,0.16787864
567,0.056730569
568,0.058871576
569,0.061158462
570,0.030548436
571,0.033066102
572,0.034017374
573,0.032696937
574,0.029725196
575,0.046749081
576,0.24179544
577,0.2481619
578,0.19180948
579,0.22302887
580,0.22123107
581,0.193221
582,0.17345587
583,0.17674581
584,0.15934016
585,0.16469667
586,0.16508029
587,0.13633714
588,0.099506028
589,0.07643535
590,0.075667417
591,0.068240145
592,0.071236745
593,0.074519133
594,0.11085969
595,0.12752377
596,0.13110724
597,0.066880609
598,0.076226597
599,0.064330374
600,0.047398795
601,0.052073043
602,0.06063603
603,0.70133291
604,0.67776404
605,0.44545764
606,0.72634983
607,0.67572243
608,0.43120754
609,0.43526699
610,0.41812805
611,0.28679105
612,0.36608953
613,0.3875039
614,0.28594809
615,0.18926848
616,0.12438682
617,0.11499167
618,0.14739316
619,0.15064034
620,0.11797389
621,0.18900532
622,0.17674493
623,0.13696082
624,0.14762026
625,0.14416713
626,0.13366498
627,0.13489389
628,0.15423988
629,0.12229035
630,1.09358055
631,0.69428068
632,0.36470956
633,1.19163847
634,0.70226458
635,0.42124184
636,1.09580021
637,0.68831845
638,0.40223229
639,0.66313237
640,0.45249831
641,0.27861289
642,0.17033094
643,0.14090895
644,0.16423001
645,0.32327435
646,0.23830653
647,0.16981351
648,0.087191781
649,0.090601569
650,0.12136249
651,0.078707169
652,0.066592407
653,0.060203615
654,0.047760186
655,0.048981851
656,0.079369655
657,0.41832444
658,0.42255785
659,0.40588067
660,0.41228389
661,0.41392363
662,0.38706539
663,0.30287876
664,0.30014197
665,0.271159
666,0.24918232
667,0.25282226
668,0.25432782
669,0.20602415
670,0.17378732
671,0.13924747
672,0.13206708
673,0.13180972
674,0.13694381
675,0.21467045
676,0.22413808
677,0.18153438
678,0.15444289
679,0.15937123
680,0.15133325
681,0.1196051
682,0.12275625
683,0.12914829
684,1.8800046
685,1.18308
686,0.58727808
687,1.73613239
688,1.0424357
689,0.57854771
690,1.20950784
691,0.89080503
692,0.51998398
693,0.83094673
694,0.68682679
695,0.41390312
696,0.21687748
697,0.16262166
698,0.18279152
699,0.31903733
700,0.28708862
701,0.19402589
702,0.10817061
703,0.08603888
704,0.074662534
705,0.049912198
706,0.045670902
707,0.051965281
708,0.045433848
709,0.036846282
710,0.041346316
711,0.97645488
712,0.47654365
713,0.27635221
714,0.7939601
715,0.41441744
716,0.25652717
717,0.47024985
718,0.2649096
719,0.167381
720,0.40784526
721,0.25571496
722,0.17177844
723,0.10496368
724,0.075221039
725,0.068780537
726,0.12444426
727,0.084416041
728,0.065490292
729,0.18132274
730,0.18700946
731,0.20828753
732,0.21368464
733,0.22631115
734,0.19243961
735,0.14453306
736,0.16028193
737,0.1990086
738,1.02759588
739,0.94609784
740,0.77337649
741,1.05130016
742,0.9558964
743,0.76813236
744,0.94805263
745,0.85338563
746,0.70013635
747,0.61679677
748,0.56636957
749,0.48525331
750,0.357946
751,0.29613281
752,0.32120442
753,0.40559973
754,0.38389613
755,0.34621909
756,0.21267958
757,0.22245731
758,0.31303818
759,0.1516039
760,0.17258862
761,0.12726202
762,0.10801864
763,0.10127037
764,0.17978898
765,1.61755074
766,1.47592553
767,1.26774141
768,1.229429
769,1.22192874
770,0.99094914
771,0.85546004
772,0.81230192
773,0.70093936
774,0.830575
775,0.83160912
776,0.73821023
777,0.56769203
778,0.37198478
779,0.30478765
780,0.27589991
781,0.27676118
782,0.28683509
783,0.089358869
784,0.07910583
785,0.066960997
786,0.057626419
787,0.054182477
788,0.060749166
789,0.049831408
790,0.045829798
791,0.043741614
792,0.42551992
793,0.3100051
794,0.21497936
795,0.42154196
796,0.31184303
797,0.21133932
798,0.33070449
799,0.2434563
800,0.1687457
801,0.26890807
802,0.20533968
803,0.14155399
804,0.09244442
805,0.074776312
806,0.077741461
807,0.1357355
808,0.10459881
809,0.081730433
810,0.10110207
811,0.10296832
812,0.12831163
813,0.084053263
814,0.077762477
815,0.063318971
816,0.056612546
817,0.054449593
818,0.085186834
819,0.4628759
820,0.48587692
821,0.40021774
822,0.39761917
823,0.42742224
824,0.36290842
825,0.28770059
826,0.29742044
827,0.25616201
828,0.30332581
829,0.307077
830,0.27565095
831,0.21744601
832,0.16819099
833,0.13094765
834,0.11868412
835,0.12575782
836,0.12647716
837,0.14313223
838,0.10256477
839,0.10395932
840,0.10239211
841,0.080933135
842,0.082417929
843,0.079809873
844,0.057552959
845,0.071692389
846,1.62714051
847,0.65424309
848,0.46828234
849,1.50218731
850,0.60664651
851,0.46341561
852,0.95890864
853,0.4279733
854,0.33415984
855,0.57048669
856,0.32073467
857,0.24879744
858,0.15615776
859,0.12134807
860,0.12055077
861,0.20970774
862,0.12598466
863,0.11543765
864,0.13923313
865,0.1292858
866,0.13464739
867,0.096745291
868,0.094144017
869,0.077094088
870,0.070768269
871,0.062208318
872,0.077122265
873,0.87559355
874,0.60954648
875,0.46269716
876,0.94840224
877,0.67983692
878,0.50105145
879,0.6820255
880,0.48824513
881,0.3592416
882,0.47129956
883,0.36964513
884,0.2946678
885,0.2132337
886,0.16147117
887,0.14755611
888,0.24273331
889,0.18871696
890,0.15352366
891,0.17862788
892,0.17593848
893,0.23932758
894,0.20622221
895,0.18483188
896,0.12897084
897,0.12053344
898,0.1173056
899,0.17291214
900,1.12863421
901,1.0288796
902,0.90189006
903,1.09230658
904,1.03162708
905,0.85984526
906,0.85135126
907,0.76416609
908,0.65678733
909,0.59751429
910,0.5599317
911,0.51801782
912,0.41381537
913,0.34591402
914,0.31463508
915,0.33844817
916,0.3163423
917,0.30623892
918,0.22993725
919,0.19466774
920,0.2492451
921,0.17526278
922,0.13349711
923,0.11214603
924,0.096407843
925,0.082542247
926,0.12449045
927,2.04391926
928,1.3054884
929,0.98528298
930,2.34370168
931,1.49883568
932,1.08514725
933,0.97517862
934,0.67915943
935,0.52889581
936,0.71006994
937,0.58236687
938,0.47895139
939,0.36050557
940,0.31837173
941,0.20492178
942,0.22350376
943,0.19628435
944,0.18855146
945,0.14948269
946,0.1633645
947,0.20184032
948,0.093875502
949,0.089734128
950,0.091703008
951,0.063867474
952,0.062107413
953,0.10283831
954,0.92188701
955,0.79048686
956,0.63556334
957,1.55766383
958,1.20051599
959,0.86736874
960,0.60816654
961,0.56341905
962,0.45635179
963,0.45648811
964,0.45382817
965,0.3868581
966,0.26079974
967,0.23063822
968,0.16458233
969,0.1807189
970,0.17484526
971,0.16282363
972,0.33806402
973,0.30895669
974,0.35865027
975,0.3651888
976,0.35630923
977,0.27310367
978,0.23433507
979,0.25138217
980,0.29084164
981,3.21158761
982,2.534714
983,1.75765532
984,3.59175401
985,2.68033893
986,1.95631851
987,2.60488672
988,2.07160911
989,1.51616764
990,1.55032454
991,1.33049568
992,1.05860019
993,0.67688335
994,0.57188136
995,0.55325785
996,0.76484076
997,0.65313427
998,0.55542931
999,0.2505732
1000,0.25249897
1001,0.34428376
1002,0.31290499
1003,0.25624375
1004,0.16093617
1005,0.15687751
1006,0.15768387
1007,0.2346432
1008,2.42118575
1009,2.34830277
1010,1.88748164
1011,2.00001497
1012,1.98855033
1013,1.6330672
1014,1.47283901
1015,1.39131222
1016,1.15680771
1017,1.11180571
1018,1.11702684
1019,0.98210178
1020,0.71591753
1021,0.54699761
1022,0.45166474
1023,0.38989511
1024,0.39241749
1025,0.39751167
1026,0.10556156
1027,0.12265296
1028,0.13725536
1029,0.060422535
1030,0.064668963
1031,0.063536857
1032,0.042433542
1033,0.043809751
1034,0.061847226
1035,0.62217698
1036,0.55203678
1037,0.38031087
1038,0.99284262
1039,0.77275481
1040,0.49430426
1041,0.37169271
1042,0.34556779
1043,0.26204375
1044,0.31238935
1045,0.3301667
1046,0.2547307
1047,0.16064839
1048,0.13444201
1049,0.099809291
1050,0.11437061
1051,0.11959618
1052,0.10178233
1053,0.0854195
1054,0.085242394
1055,0.10810668
1056,0.044495179
1057,0.039265243
1058,0.038630614
1059,0.034742655
1060,0.032154817
1061,0.044906553
1062,0.48490843
1063,0.46651641
1064,0.41227275
1065,0.31008028
1066,0.31117256
1067,0.27515461
1068,0.20681775
1069,0.20412455
1070,0.18719548
1071,0.27552202
1072,0.27541155
1073,0.25154253
1074,0.18822946
1075,0.11080316
1076,0.079951405
1077,0.062983233
1078,0.065923606
1079,0.075599059
1080,0.10404054
1081,0.10682803
1082,0.11271714
1083,0.041155743
1084,0.04235772
1085,0.044680281
1086,0.037619098
1087,0.033839721
1088,0.052515856
1089,0.72426187
1090,0.59593829
1091,0.42692911
1092,0.41811557
1093,0.37196349
1094,0.28657004
1095,0.23892746
1096,0.21779455
1097,0.18459045
1098,0.37831813
1099,0.33732243
1100,0.25614697
1101,0.17345161
1102,0.097187974
1103,0.076926432
1104,0.078622028
1105,0.07934373
1106,0.075481496
1107,0.096435791
1108,0.10168073
1109,0.1265148
1110,0.070312194
1111,0.056816611
1112,0.057420107
1113,0.052125679
1114,0.050632861
1115,0.070615486
1116,0.37450746
1117,0.37349399
1118,0.34235636
1119,0.43780281
1120,0.44405853
1121,0.38497137
1122,0.32476497
1123,0.32674646
1124,0.29194252
1125,0.2457157
1126,0.25690604
1127,0.24652611
1128,0.18192591
1129,0.16420462
1130,0.13474663
1131,0.1079263
1132,0.1138397
1133,0.12734266
1134,0.12308361
1135,0.10545605
1136,0.12037784
1137,0.050393541
1138,0.052293589
1139,0.045377327
1140,0.040621134
1141,0.031575074
1142,0.046604946
1143,0.81936092
1144,0.57807706
1145,0.4469802
1146,0.52337487
1147,0.39399185
1148,0.30628186
1149,0.27265145
1150,0.20478025
1151,0.1659873
1152,0.44496373
1153,0.35428141
1154,0.26143172
1155,0.2043938
1156,0.11326216
1157,0.075821723
1158,0.09310555
1159,0.077341315
1160,0.072862905
1161,0.091716076
1162,0.099334607
1163,0.11465786
1164,0.036843421
1165,0.038552055
1166,0.03967843
1167,0.035500275
1168,0.031846045
1169,0.050678965
1170,0.4936072
1171,0.45700464
1172,0.35937965
1173,0.35751206
1174,0.34610415
1175,0.27562627
1176,0.20593803
1177,0.19700193
1178,0.16957636
1179,0.28309663
1180,0.28433881
1181,0.22623872
1182,0.16495137
1183,0.10191251
1184,0.075183471
1185,0.072066412
1186,0.073027498
1187,0.07287546
1188,0.068578017
1189,0.068954315
1190,0.061070641
1191,0.04818139
1192,0.048925948
1193,0.054774994
1194,0.042232185
1195,0.045438614
1196,0.054185255
1197,0.2829577
1198,0.26245643
1199,0.17220419
1200,0.31245518
1201,0.27870258
1202,0.19674635
1203,0.24353209
1204,0.22412053
1205,0.15998583
1206,0.18280814
1207,0.17899192
1208,0.13093272
1209,0.087312372
1210,0.075420352
1211,0.076811784
1212,0.091025176
1213,0.090671569
1214,0.079588659
1215,0.12474376
1216,0.11549863
1217,0.11951798
1218,0.060952653
1219,0.063368941
1220,0.051866716
1221,0.055720782
1222,0.047735892
1223,0.069430487
1224,0.73298189
1225,0.60149012
1226,0.40281925
1227,0.57385568
1228,0.45382624
1229,0.32266325
1230,0.40558213
1231,0.3526084
1232,0.24498479
1233,0.40137465
1234,0.35033037
1235,0.2509296
1236,0.19166545
1237,0.13312514
1238,0.11412975
1239,0.13719026
1240,0.12509069
1241,0.10828681
1242,0.24980097
1243,0.24636845
1244,0.32037255
1245,0.25831821
1246,0.21731754
1247,0.14872859
1248,0.13048559
1249,0.1311017
1250,0.19109699
1251,2.16350135
1252,1.97284896
1253,1.62635705
1254,1.68922614
1255,1.60364786
1256,1.33558044
1257,1.09100695
1258,0.99275849
1259,0.82856514
1260,1.04088078
1261,1.02201696
1262,0.89475902
1263,0.64289368
1264,0.47160524
1265,0.34037877
1266,0.32833079
1267,0.32353289
1268,0.32771227
1269,0.12262051
1270,0.11215769
1271,0.12167406
1272,0.11429537
1273,0.10782712
1274,0.069986038
1275,0.079485471
1276,0.072535459
1277,0.089440621
1278,0.64935685
1279,0.50955227
1280,0.350835
1281,0.69566722
1282,0.51414526
1283,0.35878165
1284,0.61631047
1285,0.47434079
1286,0.32841371
1287,0.34668616
1288,0.30001057
1289,0.21583768
1290,0.17036818
1291,0.14709004
1292,0.14622434
1293,0.23564925
1294,0.19309161
1295,0.15211719
1296,0.076429185
1297,0.083422599
1298,0.090141032
1299,0.031261365
1300,0.034044249
1301,0.038210557
1302,0.035114563
1303,0.033717134
1304,0.05410029
1305,0.3291293
1306,0.33416757
1307,0.26286866
1308,0.25274645
1309,0.26534217
1310,0.22139777
1311,0.19082163
1312,0.20471139
1313,0.18131008
1314,0.21534406
1315,0.220947
1316,0.19039869
1317,0.1270708
1318,0.087811128
1319,0.081319756
1320,0.073012192
1321,0.079264447
1322,0.080648064
1323,0.099877546
1324,0.10838792
1325,0.10834085
1326,0.068752111
1327,0.075646673
1328,0.075121525
1329,0.05735354
1330,0.055958959
1331,0.066432853
1332,0.59929292
1333,0.48072394
1334,0.32409924
1335,0.76365836
1336,0.51535423
1337,0.34801003
1338,0.49594818
1339,0.4117719
1340,0.28604892
1341,0.31370518
1342,0.28877455
1343,0.21113665
1344,0.13422641
1345,0.10304827
1346,0.10427225
1347,0.16634622
1348,0.14757388
1349,0.11429244
1350,0.10198046
1351,0.10476615
1352,0.14913675
1353,0.073445935
1354,0.057268417
1355,0.065440854
1356,0.048749993
1357,0.048373046
1358,0.075764822
1359,0.49188432
1360,0.49030492
1361,0.46544758
1362,0.62191803
1363,0.70204363
1364,0.58671856
1365,0.32874107
1366,0.33537373
1367,0.31024149
1368,0.28015075
1369,0.29451368
1370,0.28480865
1371,0.23597477
1372,0.22657909
1373,0.13810757
1374,0.10751906
1375,0.11330394
1376,0.12891324
1377,0.14663038
1378,0.15018045
1379,0.14922692
1380,0.1246315
1381,0.12757257
1382,0.14242872
1383,0.094507221
1384,0.10754143
1385,0.12645312
1386,0.80300833
1387,0.74685327
1388,0.5412297
1389,0.89782419
1390,0.82629149
1391,0.61680547
1392,0.70876737
1393,0.634397
1394,0.48017462
1395,0.46773814
1396,0.44671889
1397,0.35085526
1398,0.2363101
1399,0.19996453
1400,0.20236625
1401,0.2634226
1402,0.24565013
1403,0.21376796
1404,0.079258669
1405,0.080011997
1406,0.106564
1407,0.056524448
1408,0.050546146
1409,0.041534019
1410,0.036649636
1411,0.034529575
1412,0.052108856
1413,0.34482273
1414,0.33994368
1415,0.30466126
1416,0.25451242
1417,0.25598089
1418,0.22318859
1419,0.17469204
1420,0.17118757
1421,0.1506482
1422,0.20922974
1423,0.21148677
1424,0.20041371
1425,0.16537438
1426,0.11377457
1427,0.082250331
1428,0.07599134
1429,0.077985542
1430,0.078644851
1431,0.17340004
1432,0.17657168
1433,0.2387045
1434,0.15187641
1435,0.11778143
1436,0.11522061
1437,0.075032857
1438,0.076529179
1439,0.1293303
1440,1.26284746
1441,1.15202408
1442,0.97099645
1443,1.53821533
1444,1.44395564
1445,1.12715333
1446,0.71375373
1447,0.69347829
1448,0.56234145
1449,0.56478057
1450,0.54351324
1451,0.52992202
1452,0.39490791
1453,0.34662751
1454,0.22822927
1455,0.21304176
1456,0.21295806
1457,0.22454307
1458,0.07368872
1459,0.062924179
1460,0.05756895
1461,0.0468032
1462,0.042633309
1463,0.046264013
1464,0.05395339
1465,0.044705558
1466,0.053712159
1467,0.30825068
1468,0.23621351
1469,0.15573114
1470,0.36472045
1471,0.25591975
1472,0.18941089
1473,0.33293781
1474,0.24695667
1475,0.17653457
1476,0.20775073
1477,0.16394607
1478,0.12161839
1479,0.0852775
1480,0.075328272
1481,0.084280884
1482,0.11883802
1483,0.095843919
1484,0.082308607
1485,0.092652694
1486,0.0925079
1487,0.11102677
1488,0.06194275
1489,0.048727432
1490,0.04793686
1491,0.048335511
1492,0.047138766
1493,0.062144594
1494,0.41504131
1495,0.41209563
1496,0.36009407
1497,0.31682068
1498,0.31948982
1499,0.27685745
1500,0.24586795
1501,0.24348739
1502,0.22583025
1503,0.28040553
1504,0.28227161
1505,0.26021785
1506,0.19318686
1507,0.13601217
1508,0.1106077
1509,0.09378187
1510,0.096089766
1511,0.10356027
1512,0.076769609
1513,0.07598723
1514,0.088951498
1515,0.044007851
1516,0.045011952
1517,0.044246784
1518,0.037968799
1519,0.034885936
1520,0.051325584
1521,0.31707457
1522,0.27996652
1523,0.22733419
1524,0.41667961
1525,0.37135262
1526,0.26776603
1527,0.24875199
1528,0.21944681
1529,0.15885681
1530,0.19798355
1531,0.17669638
1532,0.14755157
1533,0.11772435
1534,0.11604917
1535,0.07966579
1536,0.10203374
1537,0.092990285
1538,0.079581548
1539,0.11598182
1540,0.11795899
1541,0.15511011
1542,0.12062863
1543,0.10996109
1544,0.088605256
1545,0.075144216
1546,0.077334866
1547,0.11288465
1548,0.6467002
1549,0.64564263
1550,0.59489513
1551,0.63642052
1552,0.66336469
1553,0.58638899
1554,0.500956
1555,0.49201912
1556,0.45810439
1557,0.36211817
1558,0.3710183
1559,0.35228458
1560,0.28065351
1561,0.24212074
1562,0.21031263
1563,0.20436316
1564,0.20346069
1565,0.20790196
1566,0.10394146
1567,0.10015323
1568,0.10678545
1569,0.068580966
1570,0.071931936
1571,0.060893251
1572,0.065728451
1573,0.062960598
1574,0.084997824
1575,0.4425108
1576,0.42659493
1577,0.3293457
1578,0.45124844
1579,0.41186393
1580,0.34490061
1581,0.39563074
1582,0.36785519
1583,0.2913435
1584,0.29057559
1585,0.27576254
1586,0.23815493
1587,0.18510896
1588,0.15234187
1589,0.1461333
1590,0.14986814
1591,0.14542125
1592,0.13961403
1593,0.12655278
1594,0.11265918
1595,0.11165762
1596,0.087636694
1597,0.081545366
1598,0.093181966
1599,0.080705694
1600,0.071154107
1601,0.089397894
1602,1.01611755
1603,0.59109884
1604,0.45741513
1605,1.05301126
1606,0.54935065
1607,0.49007345
1608,0.71076603
1609,0.4506561
1610,0.3814357
1611,0.47688919
1612,0.34149357
1613,0.28552432
1614,0.16403174
1615,0.13316008
1616,0.1360847
1617,0.19126772
1618,0.1492549
1619,0.14164656
1620,0.11525533
1621,0.10277828
1622,0.099361682
1623,0.06192641
1624,0.057324703
1625,0.04826051
1626,0.056185954
1627,0.050223399
1628,0.066004191
1629,0.54983907
1630,0.44613836
1631,0.29387947
1632,0.48348856
1633,0.37276425
1634,0.25368847
1635,0.40005389
1636,0.32877157
1637,0.22372486
1638,0.35989086
1639,0.29839926
1640,0.20260045
1641,0.14963268
1642,0.1116183
1643,0.10320789
1644,0.14519228
1645,0.127881
1646,0.10243624
1647,0.10920878
1648,0.10268019
1649,0.11792519
1650,0.073218053
1651,0.078591555
1652,0.058086572
1653,0.058724533
1654,0.052192408
1655,0.070391088
1656,0.55134813
1657,0.43987945
1658,0.35360022
1659,0.51273127
1660,0.39893636
1661,0.31447273
1662,0.42679621
1663,0.34231844
1664,0.26244435
1665,0.32999384
1666,0.28758929
1667,0.23423529
1668,0.16898025
1669,0.11705065
1670,0.11648835
1671,0.15817717
1672,0.13765994
1673,0.11846154
1674,0.21901865
1675,0.20949419
1676,0.27240251
1677,0.24255578
1678,0.17921296
1679,0.13637142
1680,0.11287224
1681,0.10660459
1682,0.17140144
1683,1.85149186
1684,1.58274124
1685,1.31543383
1686,1.88879363
1687,1.63644395
1688,1.28279317
1689,1.00641334
1690,0.89492431
1691,0.78566704
1692,0.77362633
1693,0.68409352
1694,0.65994744
1695,0.51513386
1696,0.44876516
1697,0.31752399
1698,0.32770868
1699,0.29963772
1700,0.29768178
1701,0.13797508
1702,0.14190419
1703,0.13331858
1704,0.12739958
1705,0.13109803
1706,0.12808477
1707,0.096716653
1708,0.1049823
1709,0.11175948
1710,0.70531368
1711,0.61249674
1712,0.46461236
1713,0.6905048
1714,0.59455643
1715,0.45768072
1716,0.62302526
1717,0.54353702
1718,0.40602477
1719,0.42567545
1720,0.40649264
1721,0.30709438
1722,0.20528203
1723,0.16074347
1724,0.18009961
1725,0.25508216
1726,0.23572319
1727,0.19127822
1728,0.14917853
1729,0.16067477
1730,0.20301734
1731,0.096409209
1732,0.097996015
1733,0.079534072
1734,0.071216319
1735,0.065533288
1736,0.10388832
1737,0.96770727
1738,0.90855718
1739,0.77814176
1740,0.89524983
1741,0.83254309
1742,0.69871925
1743,0.6292512
1744,0.61359683
1745,0.51010019
1746,0.51448779
1747,0.52666281
1748,0.46747917
1749,0.31436975
1750,0.20731542
1751,0.18567362
1752,0.16914453
1753,0.17837949
1754,0.18392068
1755,0.21804029
1756,0.20623669
1757,0.28237106
1758,0.30405426
1759,0.26184974
1760,0.16065261
1761,0.14455251
1762,0.14178722
1763,0.22959164
1764,1.78675604
1765,1.47757571
1766,1.20230891
1767,2.30700647
1768,2.0063936
1769,1.51169876
1770,1.54473709
1771,1.3019341
1772,1.04631461
1773,0.73175751
1774,0.66097438
1775,0.57481924
1776,0.45427321
1777,0.48332814
1778,0.39597228
1779,0.50849585
1780,0.44127899
1781,0.40317915
1782,0.17555625
1783,0.17311038
1784,0.21791091
1785,0.1228938
1786,0.12083825
1787,0.097020881
1788,0.077071189
1789,0.074077449
1790,0.11789857
1791,1.3256619
1792,1.10676625
1793,0.83111637
1794,1.11664188
1795,0.91605967
1796,0.68921409
1797,0.61748322
1798,0.56627979
1799,0.45971206
1800,0.57346571
1801,0.53793608
1802,0.44346975
1803,0.33187093
1804,0.23419393
1805,0.18462196
1806,0.1967521
1807,0.19233854
1808,0.18045847
1809,0.16214241
1810,0.17067736
1811,0.2436248
1812,0.1427146
1813,0.13698733
1814,0.1007804
1815,0.089095155
1816,0.088492298
1817,0.13984203
1818,1.03944354
1819,1.03892473
1820,0.96044653
1821,0.81901498
1822,0.86490616
1823,0.76945244
1824,0.61547128
1825,0.62699935
1826,0.59424579
1827,0.60697854
1828,0.63063243
1829,0.5966715
1830,0.4527985
1831,0.30605942
1832,0.24797535
1833,0.19306393
1834,0.20513731
1835,0.23465171
1836,0.14200969
1837,0.14260342
1838,0.18510556
1839,0.09852414
1840,0.088394289
1841,0.077363468
1842,0.056889719
1843,0.053529573
1844,0.08325764
1845,1.0603249
1846,0.90734627
1847,0.72040931
1848,1.01599068
1849,0.83354474
1850,0.65139483
1851,0.46471319
1852,0.41337543
1853,0.33502437
1854,0.4713435
1855,0.45505814
1856,0.40065073
1857,0.31240935
1858,0.2293962
1859,0.14739357
1860,0.14049337
1861,0.13747069
1862,0.13647461
1863,0.11052932
1864,0.10435554
1865,0.11129848
1866,0.071098827
1867,0.065290555
1868,0.054661362
1869,0.055341769
1870,0.051193496
1871,0.071673411
1872,0.81603494
1873,0.61570133
1874,0.42793004
1875,0.79637321
1876,0.5579648
1877,0.40426012
1878,0.55056055
1879,0.45064867
1880,0.32630589
1881,0.35562811
1882,0.31733321
1883,0.24020015
1884,0.16884255
1885,0.12831614
1886,0.12298439
1887,0.14480612
1888,0.12835242
1889,0.11794359
1890,0.10724393
1891,0.081348698
1892,0.08074909
1893,0.087346075
1894,0.06976483
1895,0.076008883
1896,0.068235619
1897,0.053899812
1898,0.058542628
1899,0.98382103
1900,0.4260614
1901,0.28410648
1902,1.26531661
1903,0.55680599
1904,0.35142335
1905,0.84781482
1906,0.37559318
1907,0.25692687
1908,0.36737253
1909,0.20057044
1910,0.15111608
1911,0.1176438
1912,0.10846025
1913,0.10649647
1914,0.27787485
1915,0.14550252
1916,0.11416332
1917,0.095969697
1918,0.078920588
1919,0.095303433
1920,0.062093384
1921,0.044783227
1922,0.052221543
1923,0.044436554
1924,0.033597143
1925,0.051596488
1926,0.6918022
1927,0.40707734
1928,0.28623964
1929,1.3262531
1930,0.73923289
1931,0.48922597
1932,0.41946093
1933,0.26582363
1934,0.20186932
1935,0.28213203
1936,0.19337583
1937,0.15977205
1938,0.13014555
1939,0.16009425
1940,0.084843082
1941,0.11190608
1942,0.086656411
1943,0.078181797
1944,0.16474238
1945,0.17303232
1946,0.21162743
1947,0.12055855
1948,0.08850749
1949,0.10635441
1950,0.07522165
1951,0.07499691
1952,0.12065994
1953,0.95377123
1954,0.89451913
1955,0.70108526
1956,1.39105235
1957,1.27358705
1958,0.95107052
1959,0.74688464
1960,0.70522289
1961,0.57718203
1962,0.38647049
1963,0.36846187
1964,0.35861808
1965,0.30784792
1966,0.30544276
1967,0.21709949
1968,0.19799318
1969,0.20653743
1970,0.20672454
1971,0.095169849
1972,0.10029911
1973,0.12716351
1974,0.059974307
1975,0.056380158
1976,0.053542947
1977,0.044914935
1978,0.041442695
1979,0.073764511
1980,0.44941135
1981,0.45655752
1982,0.41954352
1983,0.31674128
1984,0.33234283
1985,0.31434994
1986,0.23601238
1987,0.24855342
1988,0.23761557
1989,0.28350806
1990,0.28490635
1991,0.27462073
1992,0.21404797
1993,0.14388889
1994,0.11533259
1995,0.09270687
1996,0.10126701
1997,0.11041523
1998,0.079383183
1999,0.071507057
2000,0.072030496
2001,0.035210496
2002,0.033676626
2003,0.031248348
2004,0.030013485
2005,0.027498883
2006,0.034185736
2007,0.36029395
2008,0.28207432
2009,0.20594266
2010,0.29395786
2011,0.23838747
2012,0.17211477
2013,0.2001097
2014,0.15854969
2015,0.12481478
2016,0.22935709
2017,0.19112882
2018,0.14521605
2019,0.10537154
2020,0.067444147
2021,0.05930469
2022,0.076634606
2023,0.065016331
2024,0.058590661
2025,0.14057364
2026,0.12304913
2027,0.14384521
2028,0.17005461
2029,0.11343697
2030,0.092911043
2031,0.081328387
2032,0.070445802
2033,0.10610946
2034,1.27591758
2035,0.81442295
2036,0.60331376
2037,2.27319931
2038,1.40999057
2039,1.00983848
2040,0.99116591
2041,0.6387034
2042,0.50489791
2043,0.41954191
2044,0.32097705
2045,0.27229462
2046,0.23257937
2047,0.31304874
2048,0.20534782
2049,0.27794101
2050,0.20588621
2051,0.19119527
2052,0.2217043
2053,0.18750381
2054,0.14853379
2055,0.21390668
2056,0.18198612
2057,0.16048545
2058,0.15763223
2059,0.14236948
2060,0.12497299
2061,2.24779446
2062,0.96432288
2063,0.48649815
2064,2.60274573
2065,1.08704242
2066,0.54328351
2067,1.93851859
2068,0.83200146
2069,0.4379658
2070,0.96844592
2071,0.55964973
2072,0.33312575
2073,0.19948049
2074,0.16693484
2075,0.17636065
2076,0.58479989
2077,0.31855091
2078,0.19829459
2079,0.21428559
2080,0.187322
2081,0.14804659
2082,0.12833803
2083,0.12570665
2084,0.11350907
2085,0.11312996
2086,0.10127872
2087,0.11072063
2088,1.43553695
2089,0.86137857
2090,0.45455808
2091,1.34054177
2092,0.77428445
2093,0.44824216
2094,1.07096053
2095,0.6964127
2096,0.40011359
2097,0.78311085
2098,0.53400239
2099,0.31520987
2100,0.20128352
2101,0.15408869
2102,0.15781832
2103,0.32521503
2104,0.24140146
2105,0.16999323
2106,0.17965432
2107,0.1473138
2108,0.11736388
2109,0.11832928
2110,0.1064685
2111,0.097084463
2112,0.086780219
2113,0.07253134
2114,0.068077731
2115,1.77278951
2116,0.7642979
2117,0.37055818
2118,1.80247859
2119,0.75925927
2120,0.37992813
2121,1.10240275
2122,0.54152618
2123,0.27061997
2124,0.7061617
2125,0.41283383
2126,0.23089656
2127,0.14345691
2128,0.10413206
2129,0.10586001
2130,0.29350738
2131,0.1776777
2132,0.11776656
2133,0.13316696
2134,0.12827873
2135,0.11381087
2136,0.12527828
2137,0.11918244
2138,0.11885034
2139,0.086327839
2140,0.091658265
2141,0.084766131
2142,0.95021417
2143,0.66886599
2144,0.3678943
2145,1.13055179
2146,0.73930914
2147,0.409658
2148,0.76392679
2149,0.5526336
2150,0.30695198
2151,0.44149511
2152,0.36264769
2153,0.23459098
2154,0.15552537
2155,0.12539417
2156,0.12771207
2157,0.28247004
2158,0.22044708
2159,0.15048102
2160,0.20346253
2161,0.18248393
2162,0.22718227
2163,0.19041929
2164,0.17200979
2165,0.12803937
2166,0.11508839
2167,0.10112401
2168,0.14953032
2169,2.09934158
2170,1.26091948
2171,1.02961308
2172,2.64848335
2173,1.49074817
2174,1.14581116
2175,1.29803311
2176,0.8513532
2177,0.73359058
2178,0.75331472
2179,0.5587224
2180,0.50745352
2181,0.38787756
2182,0.32480321
2183,0.26977137
2184,0.37751933
2185,0.28729333
2186,0.26903806
2187,0.14362776
2188,0.14531783
2189,0.16219752
2190,0.13156313
2191,0.13459806
2192,0.12761115
2193,0.099105551
2194,0.096361488
2195,0.13565748
2196,0.72125084
2197,0.69337468
2198,0.53104755
2199,0.73063646
2200,0.68295147
2201,0.55817073
2202,0.60500935
2203,0.57701403
2204,0.46581747
2205,0.46179828
2206,0.45136095
2207,0.37289561
2208,0.26533569
2209,0.21774239
2210,0.21353241
2211,0.24211202
2212,0.24020302
2213,0.2226114
2214,0.070406875
2215,0.07321346
2216,0.07344319
2217,0.039394041
2218,0.04293245
2219,0.044501158
2220,0.037662868
2221,0.03879714
2222,0.057212908
2223,0.28657315
2224,0.30186129
2225,0.22115192
2226,0.28206765
2227,0.29522715
2228,0.23764691
2229,0.22124243
2230,0.23674511
2231,0.19501103
2232,0.19466495
2233,0.19454467
2234,0.16572884
2235,0.12252569
2236,0.099312548
2237,0.094910807
2238,0.088751909
2239,0.098063895
2240,0.094277783
2241,0.11027695
2242,0.11806692
2243,0.16086761
2244,0.078685181
2245,0.081911943
2246,0.074944445
2247,0.046302065
2248,0.048631271
2249,0.085258453
2250,0.7232804
2251,0.68230914
2252,0.61083125
2253,0.70509019
2254,0.64712515
2255,0.5582873
2256,0.36571378
2257,0.36736022
2258,0.34288455
2259,0.35125565
2260,0.36885212
2261,0.3366653
2262,0.24760595
2263,0.1831399
2264,0.13864797
2265,0.13086524
2266,0.13400429
2267,0.14078994
2268,0.087590907
2269,0.092710119
2270,0.098541503
2271,0.051729687
2272,0.05499727
2273,0.054946548
2274,0.040186705
2275,0.041481059
2276,0.058475871
2277,0.44394091
2278,0.45952433
2279,0.34676264
2280,0.36400206
2281,0.38000645
2282,0.29266879
2283,0.24806376
2284,0.25494859
2285,0.20145851
2286,0.28789684
2287,0.2904948
2288,0.23792253
2289,0.16229598
2290,0.11257958
2291,0.096405129
2292,0.094046145
2293,0.099645366
2294,0.095306011
2295,0.14801854
2296,0.15437786
2297,0.21765241
2298,0.11487001
2299,0.10322449
2300,0.088140098
2301,0.074810378
2302,0.069628781
2303,0.1171848
2304,0.96582862
2305,0.90835756
2306,0.82633945
2307,0.88833078
2308,0.83209367
2309,0.77056424
2310,0.60733682
2311,0.59707504
2312,0.53801918
2313,0.5182098
2314,0.51039167
2315,0.494477
2316,0.37121563
2317,0.26380134
2318,0.21905847
2319,0.18301957
2320,0.18886762
2321,0.2076121
2322,0.14024195
2323,0.1058156
2324,0.098087377
2325,0.07828248
2326,0.062913024
2327,0.057294652
2328,0.057455642
2329,0.044599703
2330,0.052448533
2331,1.31525897
2332,0.60591648
2333,0.36141678
2334,1.34374955
2335,0.60162165
2336,0.37060683
2337,0.65764114
2338,0.3536668
2339,0.21633555
2340,0.53331988
2341,0.32261904
2342,0.21122751
2343,0.1523198
2344,0.11092171
2345,0.094267498
2346,0.18581133
2347,0.11554191
2348,0.09106715
2349,0.062695422
2350,0.060247115
2351,0.069176642
2352,0.043176911
2353,0.045527702
2354,0.045951636
2355,0.041923871
2356,0.043082113
2357,0.05336603
2358,0.25839099
2359,0.24984419
2360,0.20953869
2361,0.28163424
2362,0.26222272
2363,0.22692396
2364,0.24002256
2365,0.22131353
2366,0.18034884
2367,0.16946835
2368,0.16595343
2369,0.14606912
2370,0.10933367
2371,0.094741679
2372,0.093019875
2373,0.086691521
2374,0.08333959
2375,0.084303493
2376,0.085539789
2377,0.075301847
2378,0.083725237
2379,0.059446031
2380,0.04442524
2381,0.050093583
2382,0.047744318
2383,0.040702789
2384,0.056287738
2385,0.46267622
2386,0.32607501
2387,0.23778948
2388,0.89188359
2389,0.56543216
2390,0.38247484
2391,0.51932913
2392,0.37629977
2393,0.2758978
2394,0.22030903
2395,0.16770226
2396,0.14302089
2397,0.10279142
2398,0.11352126
2399,0.096959609
2400,0.12305125
2401,0.10261038
2402,0.090953527
2403,0.26089775
2404,0.26716633
2405,0.40836876
2406,0.3578609
2407,0.29617489
2408,0.21307654
2409,0.16165255
2410,0.16074127
2411,0.31126789
2412,2.02306478
2413,1.92090249
2414,1.81075851
2415,2.64914343
2416,2.71888463
2417,2.27598806
2418,1.61340057
2419,1.55731586
2420,1.44729247
2421,0.91801349
2422,0.90317099
2423,0.90717206
2424,0.67581328
2425,0.71189378
2426,0.53913354
2427,0.49251712
2428,0.49545805
2429,0.52234947
2430,0.10328031
2431,0.10867377
2432,0.12838087
2433,0.05543219
2434,0.05398235
2435,0.053085685
2436,0.04661737
2437,0.047810987
2438,0.073177833
2439,0.41737534
2440,0.40871065
2441,0.33197572
2442,0.47413335
2443,0.4561271
2444,0.34791799
2445,0.34251018
2446,0.34049213
2447,0.27443006
2448,0.25923178
2449,0.26153754
2450,0.22962806
2451,0.16713897
2452,0.130427
2453,0.12006211
2454,0.12277053
2455,0.12728072
2456,0.1210796
2457,0.083222388
2458,0.075520879
2459,0.06985998
2460,0.04623737
2461,0.044810217
2462,0.045526582
2463,0.040793884
2464,0.037583433
2465,0.044829185
2466,0.44976226
2467,0.37359049
2468,0.23764839
2469,0.41608265
2470,0.34713582
2471,0.22866889
2472,0.28593014
2473,0.24318437
2474,0.15590236
2475,0.27161874
2476,0.23599697
2477,0.15825776
2478,0.10800353
2479,0.084109143
2480,0.074192622
2481,0.10358664
2482,0.091613376
2483,0.072191065
2484,0.1961629
2485,0.18308564
2486,0.18805327
2487,0.20340313
2488,0.19050686
2489,0.18042669
2490,0.14145758
2491,0.13401936
2492,0.1664256
2493,1.22719002
2494,1.02452927
2495,0.71520587
2496,1.24278158
2497,1.04265715
2498,0.72249464
2499,1.04223423
2500,0.8636514
2501,0.60282821
2502,0.74075259
2503,0.64707407
2504,0.47358974
2505,0.30816375
2506,0.25276585
2507,0.25881633
2508,0.39871796
2509,0.34055029
2510,0.2759245
2511,0.13013136
2512,0.12958946
2513,0.1679045
2514,0.10421741
2515,0.087777808
2516,0.068576575
2517,0.060662162
2518,0.059047319
2519,0.07807898
2520,0.78536395
2521,0.75692133
2522,0.6566989
2523,0.51082656
2524,0.52577116
2525,0.43751939
2526,0.31733446
2527,0.31358315
2528,0.27204755
2529,0.46270883
2530,0.46792357
2531,0.42305545
2532,0.32252481
2533,0.20054533
2534,0.13680369
2535,0.10919684
2536,0.11325729
2537,0.12366512
2538,0.10916866
2539,0.095570787
2540,0.10803212
2541,0.071500891
2542,0.071144847
2543,0.055665563
2544,0.058016036
2545,0.050445402
2546,0.064383087
2547,0.54073891
2548,0.40645819
2549,0.32298023
2550,0.63105741
2551,0.47305239
2552,0.36487531
2553,0.48419485
2554,0.36630421
2555,0.28468184
2556,0.29660823
2557,0.24607129
2558,0.19887099
2559,0.14919771
2560,0.12002154
2561,0.11577021
2562,0.1669346
2563,0.13684811
2564,0.118763
2565,0.12414485
2566,0.12687202
2567,0.17519622
2568,0.13960649
2569,0.12048543
2570,0.083200864
2571,0.07602884
2572,0.080661263
2573,0.12017443
2574,0.6838635
2575,0.69440283
2576,0.64716129
2577,0.56825945
2578,0.59427271
2579,0.53770425
2580,0.43603442
2581,0.44168278
2582,0.40910597
2583,0.40511824
2584,0.41248295
2585,0.39881142
2586,0.31368278
2587,0.24185842
2588,0.20475306
2589,0.16551914
2590,0.17681775
2591,0.19203324
2592,0.19525033
2593,0.19597499
2594,0.24231206
2595,0.14017964
2596,0.12323994
2597,0.11368446
2598,0.097488989
2599,0.092814795
2600,0.14527775
2601,1.35849151
2602,1.29295181
2603,1.01409506
2604,1.13948267
2605,1.07549324
2606,0.91790688
2607,0.76962837
2608,0.74427378
2609,0.64733472
2610,0.75264355
2611,0.73711123
2612,0.64811783
2613,0.44140261
2614,0.31507526
2615,0.25718877
2616,0.22948175
2617,0.23573497
2618,0.25065749
2619,0.10464126
2620,0.10578983
2621,0.14445835
2622,0.077023158
2623,0.060108826
2624,0.056315266
2625,0.046553605
2626,0.044935021
2627,0.06811436
2628,0.49611875
2629,0.48145987
2630,0.44606484
2631,0.44026776
2632,0.45836989
2633,0.39569052
2634,0.27599259
2635,0.27141496
2636,0.23744386
2637,0.29819774
2638,0.29490924
2639,0.2771305
2640,0.22873428
2641,0.17188473
2642,0.11767665
2643,0.10577407
2644,0.10693738
2645,0.11510135
2646,0.16672284
2647,0.14682333
2648,0.16392746
2649,0.1620694
2650,0.15004701
2651,0.13504796
2652,0.11143935
2653,0.10585079
2654,0.13347893
2655,1.63052201
2656,1.12436085
2657,0.7834127
2658,1.73138614
2659,1.17617132
2660,0.79494249
2661,1.18878519
2662,0.85560891
2663,0.60182685
2664,0.68805161
2665,0.55518601
2666,0.39756489
2667,0.28973261
2668,0.24105679
2669,0.23219902
2670,0.39177894
2671,0.30053982
2672,0.24650266
2673,0.10795025
2674,0.11290952
2675,0.12292862
2676,0.082198759
2677,0.080398645
2678,0.076526137
2679,0.055780189
2680,0.056056473
2681,0.069006537
2682,0.75377744
2683,0.5455295
2684,0.33593684
2685,1.43069643
2686,0.89896857
2687,0.52145195
2688,0.69201372
2689,0.48601606
2690,0.33141245
2691,0.31002813
2692,0.26997467
2693,0.21172372
2694,0.13620304
2695,0.13997362
2696,0.1216717
2697,0.18473928
2698,0.15391288
2699,0.12456054
2700,0.12517827
2701,0.12814351
2702,0.17134273
2703,0.097596018
2704,0.088557723
2705,0.0755451
2706,0.058875247
2707,0.056811171
2708,0.084739849
2709,0.88278883
2710,0.77027913
2711,0.66497477
2712,0.78850548
2713,0.70857043
2714,0.58074997
2715,0.42380368
2716,0.38587547
2717,0.35347907
2718,0.41084036
2719,0.41252889
2720,0.37905571
2721,0.30026118
2722,0.21723841
2723,0.14992618
2724,0.13173105
2725,0.13470382
2726,0.1433041
2727,0.11154535
2728,0.1001309
2729,0.10928879
2730,0.049934487
2731,0.035162982
2732,0.04064716
2733,0.042961839
2734,0.037344364
2735,0.044809835
2736,0.60061908
2737,0.44068101
2738,0.32573424
2739,0.49651731
2740,0.37869152
2741,0.28030062
2742,0.30421895
2743,0.24285514
2744,0.18486486
2745,0.35984653
2746,0.29703945
2747,0.23530815
2748,0.16658126
2749,0.10939292
2750,0.081963082
2751,0.092930494
2752,0.082028711
2753,0.079356252
2754,0.069563694
2755,0.069647187
2756,0.070905473
2757,0.039103115
2758,0.039625934
2759,0.037261526
2760,0.035700632
2761,0.034582451
2762,0.047655396
2763,0.28909884
2764,0.26383958
2765,0.20543084
2766,0.2640779
2767,0.23481501
2768,0.19350072
2769,0.23905461
2770,0.22413048
2771,0.18109047
2772,0.18034947
2773,0.1723336
2774,0.14516146
2775,0.10248265
2776,0.07368478
2777,0.078382347
2778,0.085337245
2779,0.082859365
2780,0.075882979
2781,0.13852962
2782,0.14370583
2783,0.14587004
2784,0.12557715
2785,0.12387088
2786,0.12614636
2787,0.104015
2788,0.10347345
2789,0.14047853
2790,0.75733693
2791,0.67768424
2792,0.45151166
2793,0.79133581
2794,0.68924771
2795,0.48937631
2796,0.74251523
2797,0.66317849
2798,0.48624554
2799,0.50387706
2800,0.46281234
2801,0.34350355
2802,0.2269366
2803,0.19175957
2804,0.21771108
2805,0.25920659
2806,0.24928088
2807,0.21596333
2808,0.098640148
2809,0.10043705
2810,0.13305439
2811,0.071574177
2812,0.06344003
2813,0.055139001
2814,0.04093644
2815,0.039529709
2816,0.062719412
2817,0.48644151
2818,0.47996862
2819,0.41690774
2820,0.40648186
2821,0.41615903
2822,0.34512595
2823,0.24082913
2824,0.2357485
2825,0.19361869
2826,0.27839706
2827,0.28159624
2828,0.25988562
2829,0.20829286
2830,0.1573862
2831,0.10135626
2832,0.099400084
2833,0.10096582
2834,0.10012536
2835,0.14181516
2836,0.13529578
2837,0.14653671
2838,0.072125138
2839,0.067497213
2840,0.058971249
2841,0.0668951
2842,0.056394585
2843,0.073309604
2844,0.99772669
2845,0.65043316
2846,0.46888723
2847,0.9890953
2848,0.58960804
2849,0.45715927
2850,0.62349678
2851,0.46279415
2852,0.34462711
2853,0.4746224
2854,0.36419784
2855,0.29543054
2856,0.21420111
2857,0.15647082
2858,0.13568295
2859,0.1623852
2860,0.13650708
2861,0.12843768
2862,0.076189767
2863,0.074844899
2864,0.075921338
2865,0.054525432
2866,0.054529085
2867,0.052922984
2868,0.049087188
2869,0.044034763
2870,0.052679713
2871,0.54708073
2872,0.37518598
2873,0.25764353
2874,0.74925576
2875,0.47223088
2876,0.31266563
2877,0.51716536
2878,0.36887538
2879,0.25066677
2880,0.23378078
2881,0.1990909
2882,0.15500189
2883,0.10196589
2884,0.084955536
2885,0.089470786
2886,0.14788108
2887,0.12081381
2888,0.094474222
2889,0.13399522
2890,0.10748876
2891,0.11374043
2892,0.069802524
2893,0.064141923
2894,0.066413192
2895,0.064283774
2896,0.047598318
2897,0.065274547
2898,1.08179126
2899,0.53936806
2900,0.40345436
2901,1.0801809
2902,0.52948708
2903,0.40498325
2904,0.60062898
2905,0.3404971
2906,0.28050609
2907,0.50652062
2908,0.3118055
2909,0.23880653
2910,0.16460103
2911,0.12036976
2912,0.11135731
2913,0.1847143
2914,0.12369577
2915,0.10894318
2916,0.26249259
2917,0.26479121
2918,0.26413752
2919,0.20638803
2920,0.19724906
2921,0.20625471
2922,0.14110167
2923,0.14351796
2924,0.17406685
2925,3.20657877
2926,1.96488229
2927,1.22260121
2928,2.9918371
2929,1.84773856
2930,1.22458823
2931,1.81056632
2932,1.19667989
2933,0.81344577
2934,1.12808451
2935,0.9370974
2936,0.70217789
2937,0.39874248
2938,0.28883292
2939,0.28500613
2940,0.40823332
2941,0.33479534
2942,0.29777654
2943,0.12773093
2944,0.1120646
2945,0.12682206
2946,0.091259928
2947,0.089195392
2948,0.061865667
2949,0.077487142
2950,0.06853027
2951,0.097462103
2952,0.68870953
2953,0.50238593
2954,0.35852507
2955,0.69013255
2956,0.47092689
2957,0.34654948
2958,0.57120523
2959,0.42096671
2960,0.31163495
2961,0.35075137
2962,0.27166715
2963,0.21955325
2964,0.17394977
2965,0.13588758
2966,0.14034841
2967,0.20884096
2968,0.16601523
2969,0.14401559
2970,0.095446714
2971,0.096638325
2972,0.1240428
2973,0.055581532
2974,0.051995704
2975,0.054495384
2976,0.036721556
2977,0.033907024
2978,0.055426993
2979,0.6005934
2980,0.53965667
2981,0.44377717
2982,0.55012647
2983,0.52619995
2984,0.40727718
2985,0.26401269
2986,0.2393168
2987,0.20478085
2988,0.2887568
2989,0.27186462
2990,0.24676038
2991,0.20189088
2992,0.15131864
2993,0.092799269
2994,0.08621759
2995,0.084647799
2996,0.085483204
2997,0.12591785
2998,0.11358032
2999,0.14188778
3000,0.096943406
3001,0.088712921
3002,0.073540826
3003,0.071583353
3004,0.067663347
3005,0.094890478
3006,0.65724903
3007,0.5927487
3008,0.49313696
3009,0.60584929
3010,0.52829085
3011,0.45183386
3012,0.43865781
3013,0.38874203
3014,0.31051232
3015,0.39452546
3016,0.35327369
3017,0.29635988
3018,0.24012763
3019,0.19466993
3020,0.1522748
3021,0.15821205
3022,0.14659418
3023,0.14611559
3024,0.086070168
3025,0.078804433
3026,0.077894665
3027,0.038135945
3028,0.038717237
3029,0.030387651
3030,0.039433549
3031,0.034164933
3032,0.040950015
3033,0.33827883
3034,0.26451207
3035,0.19532451
3036,0.2992074
3037,0.21339057
3038,0.16200561
3039,0.26169008
3040,0.20190317
3041,0.14659652
3042,0.24223535
3043,0.19881017
3044,0.15060563
3045,0.10431495
3046,0.065120777
3047,0.067589041
3048,0.094025646
3049,0.077855809
3050,0.065297247
3051,0.08619827
3052,0.10418149
3053,0.10554398
3054,0.056208759
3055,0.068538732
3056,0.06896251
3057,0.046094821
3058,0.049760614
3059,0.064528794
3060,0.39178512
3061,0.42684357
3062,0.32363154
3063,0.38213152
3064,0.42942658
3065,0.30270541
3066,0.2963487
3067,0.31999199
3068,0.25691439
3069,0.25257454
3070,0.28029046
3071,0.22103452
3072,0.14978445
3073,0.10710824
3074,0.1085845
3075,0.12707529
3076,0.13682229
3077,0.1149592
3078,0.096733989
3079,0.097477872
3080,0.13822457
3081,0.097198941
3082,0.078492023
3083,0.069108404
3084,0.055338677
3085,0.055605298
3086,0.097253549
3087,0.45199443
3088,0.46039899
3089,0.44097162
3090,0.5142942
3091,0.55418711
3092,0.47809137
3093,0.33136795
3094,0.34198541
3095,0.31024713
3096,0.27173173
3097,0.27469045
3098,0.27777667
3099,0.21927397
3100,0.19842678
3101,0.1566065
3102,0.14077628
3103,0.14277573
3104,0.15152394
3105,0.11843321
3106,0.096344407
3107,0.097817917
3108,0.080279701
3109,0.069974814
3110,0.058628506
3111,0.057921074
3112,0.049087229
3113,0.05496183
3114,0.67124554
3115,0.40077918
3116,0.27211749
3117,1.03205757
3118,0.56017533
3119,0.35462891
3120,0.61224314
3121,0.36955622
3122,0.25594047
3123,0.35724277
3124,0.24954028
3125,0.18059835
3126,0.12702885
3127,0.11064898
3128,0.09833439
3129,0.18603506
3130,0.12674489
3131,0.096841361
3132,0.063748345
3133,0.059833443
3134,0.056841063
3135,0.0380433
3136,0.037777615
3137,0.038709197
3138,0.03491189
3139,0.031902605
3140,0.043345127
3141,0.30168023
3142,0.26655529
3143,0.1798393
3144,0.28833134
3145,0.25259238
3146,0.18648827
3147,0.22338693
3148,0.19445105
3149,0.14658938
3150,0.18605358
3151,0.16977081
3152,0.12579841
3153,0.088177557
3154,0.071188147
3155,0.067460586
3156,0.083440421
3157,0.077365691
3158,0.068725345
3159,0.079806582
3160,0.074374829
3161,0.078665374
3162,0.040468922
3163,0.039129266
3164,0.033523706
3165,0.031969753
3166,0.029355745
3167,0.034241418
3168,0.34687651
3169,0.29408661
3170,0.21039524
3171,0.36969258
3172,0.302086
3173,0.20573319
3174,0.23806368
3175,0.19643628
3176,0.13413464
3177,0.21719968
3178,0.18971092
3179,0.14304188
3180,0.1057734
3181,0.075533463
3182,0.062299094
3183,0.088216952
3184,0.074565951
3185,0.061385136
3186,0.17140473
3187,0.17962227
3188,0.26075845
3189,0.20168277
3190,0.171401
3191,0.12005655
3192,0.10638855
3193,0.10691273
3194,0.17708321
3195,0.90976423
3196,0.91002196
3197,0.85521183
3198,0.99343453
3199,1.00787312
3200,0.87361364
3201,0.71545053
3202,0.69447991
